book_id,book_name,book_summary
0002009,铸工入门,本书结合我国铸造生产的实际情况，以铸铁件粘土砂手工造型为主线，阐述了配砂、造型、合箱、熔炼、烧注和清理等铸造生产的主要过程，并简要介绍了铸铁件工艺设计、铸件缺陷分析和几种最常见的特种铸造工艺流程。本书内容新颖，切合生产实际，对现实生产具有指导意义。本书是具有初中以上文化程序铸造工人的学习用书，同时也可供铸造专业技术人员参考。
6384044,宋元禅宗文学研究论集,    本书为国家社科基金项目“宋元禅宗文学研究”最终成果之一。宋元以来，禅宗成为中国传统思想文化的重要部分，禅僧丛林也构成了中国文学的重要作者群。古典文学的研究者大都重视禅宗对文人的影响，而相对忽略禅僧自身的文学创作（如禅僧诗、禅四六等）。本书以宋元两朝禅僧创作的文学为考察对象，分为四编，第一编《禅宗文学与典籍、人物综论》，第二编《禅僧诗研究》，第三编《各种禅门诗体、文体研究》，第四编《佛教通俗文学研究》。
6459734,人工智能的未来(第2版)(精),    当前，人工智能作为一项引领未来的颠覆性战略技术，已在经济、军事、社会等各领域广泛用，成为世界各国科技竞争和战略布局的重中之重。本书以人工智能的“起点、拐点、奇点、看不见的终点”为线，突出认知新思维、技术新发展、应用新构想，从人工智能前世今生、思维方法、大模型、机器学习、感知认知、人机交互、脑科学、机器人，以及无人智能作战和未来发展等多维度、多层次、多领域进行全面深入剖析。   本书适合人工智能的爱好者、从业者和军地相关人员阅读，可作为热爱科技、心系国防的广大师生和民众的科普读物，也可作为相关行业和学术领域研究者的参考书，以及大学相关课程的教材。
6463091,WPS AI智能办公技巧从入门到精通(视频教学版),    本书是一本专为追求高效办公的专业人士设计的实战手册。通过9大专题和90多个精选案例，带你深入探索WPSAI的无限可能。从AI写作到图像分析，每一个功能都配有详细的步骤和高清教学视频，确保你能够快速上手并精通这些智能工具。书中的案例设计紧贴实际工作需求，从团建游戏方案到短视频广告脚本，从请假条到营销报告PPT，每个案例都是职场中的实用场景。135个素材与效果文件，以及50+AI指令，让您在实际操作中迅速提升技能。无论您是WPS新手还是资深用户，都能在这里找到提升工作效率的诀窍。本书结构清晰，内容丰富，适合作为计算机专业教材，也适合任何希望在智能办公领域不断进步的读者参考。随着AI技术的不断进步，本书将帮助您保持竞争力，始终走在办公自动化的前沿，让效率与创造力并驾齐驱！
6425305,动漫的艺术分析,    本书共分为六章。第一章为“动漫艺术概述”，分别介绍卡通的概念、动画与漫画的名词解释、动漫的性质与特征；第二章为“中外动漫的历史渊源与演变”，主要分析卡通的产生与早期的漫画、欧美动漫艺术的发展与演变、日本动漫艺术的发展与演变和中国动漫的发展；第三章为“动漫的分类与风格”，对动漫艺术的应用门类、动漫艺术的风格样式进行分析；第四章为“动漫形象塑造”，主要介绍创作基础、形象设计定位和角色的塑造；第五章为“动漫造型要素”，分别介绍造型方法、形式法则和形象表现；第六章为“动漫美学”，分别论述动漫的美学特征、动漫语言和图像与超真实。
6440144,大数据审计(金蝶ERP实验课程指定教材),    本书聚焦审计实践技能的培养，基于会计师事务所前沿大数据应用实践案例，培养学生的大数据审计思维及全流程应用能力，打造复合型审计人才。本书共分为12章，第1章主要介绍大数据审计的概念、应用案例及与传统审计在审计目标、审计程序等方面的差异；第2章主要介绍大数据审计的工具和相关技术，包括金蝶大数据实训平台和可视化分析平台；第3～5章主要介绍审计大数据的采集、处理和挖掘分析；第6～12章引入一个完整的财务报表审计案例，并配备详细的审计资料，让读者沉浸式体验审计工作。本书提供丰富的教学资源，包括但不限于教学课件、操作视频、配套审计资料、答案。本书适合作为高等院校财务管理、会计学、审计学、工商管理、信息管理与信息系统等相关专业的本科生、研究生教材，也适合作为企业中高层财务管理人员和信息化主管的参考书。
6441607,当代中国政治治理问题及其儒家理论资源研究--大学中的政治伦理及其当代考量/当代中国社会道德理论与实践研究丛书,    本书分四个部分展开。导论部分介绍研究当代中国政治治理问题的意义以及《大学》的重要价值。文本解读部分说明文本诠释的诸前提性问题，并在进行初步阐释的基础上进行比较分析。观念与分析部分包括解读与分析《大学》政治伦理思想、梳理其历史流变并做社会史分析。当代考量部分首先通过相关考察，提出如何评估《大学》政治伦理的基本立场，然后评析当代儒学关于儒家德治现代转化的两种富有代表性的理路，最后对《大学》政治伦理提出一种当代诠释。
6453538,核技术的军事应用--核武器(第2版)/核能与核技术经典教材系列,    本书主要内容包括必要的核物理与核材料的基础知识，原子弹、氢弹、特殊性能核武器、核武器小型化等的基本原理，核武器的研究设计和核爆诊断方法，核武器系统的构成、核爆炸效应、战术技术性能等，以及核态势、核战略、核军备控制，核查技术、防止核扩散等方面的内容。本书可作为军事及核专业相关院校教材，也可供与核武器事业有关的领导、管理人员、专业人员、部队指战员，以及其他领域关注核武器事业的人士参考或作为培训教材。
6468502,血管战创伤学(精),    血管战创伤是一种日常与战争时都非常常见又凶险的损伤，处理不及时将严重威胁军民健康。在腔内微创治疗的时代大背景下，编者结合临床实践，紧扣技术前沿，以血管战创伤的救治为主线，从血管战创伤的病理基础出发，深入剖析院前救治、临床诊断及创伤复苏理论，同时还在传统治疗的基础上，重点分享了血管腔内微创救治理论和技术，针对不同部位的血管损伤，从解剖基础、诊断、救治原则、动静脉损伤、手术入路选择进行具体阐述。全书涵盖了血管创伤救治的各个阶段，以图示、表格、流程图等多种形式全面展现了救治方法，适合从事血管战创伤外科工作的医务人员阅读参考。
6474982,鱼在水底游了许久,    于裴决而言，钟影从来都不是在城堡里等待解救的公主。   她是离开城堡的公主。   而他，是想为她守住城堡的人。   他们从小一起长大，是别人嘴里的“青梅竹马”，也是朝朝暮暮的陪伴与依靠。   他心知自己应该做个公正无私、优秀磊落的兄长，但他从来都不是“无偏无私”的。   他想要钟影的喜欢。   “影影，我想照顾你。   “让我照顾你。”   钟影一头撞进裴决青涩的情思，如同误入一场花期。   鱼游水底，偶或摆尾，清晰一瞬，就是我爱你。
6366824,jQuery前端开发任务驱动教程(工业和信息化精品系列教材),    本书是一本讲授Web前端开发的教材，以任务驱动式的编写体例和通俗易懂的语言，详细讲解jQuery的基础知识。   本书共10章。第1章讲解jQuery的基础知识；第2章讲解jQuery实现多样化菜单；第3章和第4章讲解jQuery实现页面交互；第5章讲解jQuery实现动画效果；第6章讲解jQuery实现图像效果；第7章讲解jQuery操作表单；第8章讲解jQuery操作Ajax；第9章讲解jQuery Mobile移动页面开发；第10章讲解项目实战——在线商城，帮助读者将所学知识运用到实际项目开发中。   本书配套丰富的教学资源，包括教学PPT、教学大纲、教学设计、源代码、课后习题及答案等。为了帮助读者更好地学习本书内容，本书编者团队还提供在线答疑服务，希望帮助更多的读者。   本书适合作为高等教育本、专科院校计算机相关专业的教材，也可作为广大计算机编程爱好者的自学参考书。
6404367,更化与绍述(新旧党争大爆发)(精)/宋朝往事系列,    本书是宋朝往事系列中的一部，讲述了北宋哲宗时期的更化与绍述事件。北宋后期的近半个世纪，是政治家们的理想与现实碰撞的时代。北宋元丰八年，哲宗以年幼即位，高太后垂帘听政，朝廷开始全面否定熙丰新政，史称“元祐更化”。高氏去世后，哲宗、徽宗两兄弟，怀着继承父志的理想，走上了两条截然不同的绍述之路。在哲宗短暂的亲政岁月中，着眼于对熙丰条法的恢复，但最后只为大宋留下了一个熙丰之政的外壳，而徽宗在漫长而活跃的皇帝生涯中，为了超越父兄之治也是新政迭出，最终却令大宋顶着“丰亨豫大”的新外壳轰然倒塌。这一切都令人深思。
6432712,盛唐诡案组(异空的集结),    骇人听闻的事件背后，往往隐藏着人性最丑陋的一面。   尽管时代流转不息，但人性亘古不变，哪怕是唐代鼎盛时期亦然。天授元年，女皇帝登基，太平盛世、国泰民安。然而，远离神都的岭南，却接连发生多宗不可思议的诡异案件。为避免引起百姓恐慌，刺史下令成立专门处理这些棘手案件的“诡案组”。   看着诡异不寻常，实则人性之肮脏。   善推理的相溪望、善取证的慕申羽、善武功的李蓁蓁、善尸检的流年、善调查的韦伯伦，一个个能人会聚在善断案的县令知然麾下，破获了一宗宗困惑人心的奇案。好看，烧脑，悬疑、推理、传奇，尽在盛唐诡案组！原以为是妖魔鬼怪作祟，实际是人心不足作乱。
6451248,水产行业标准汇编(2025),    本书共收录有关水产方面的农业行业标准和水产行业标准27项。包括水产品操作规程、水产品品种鉴定、水产品加工技术规程、渔具通用技术规范、渔船用电子设备环境试验条件和方法、水产品中成分的测定、鱼类增殖放流效果评估技术规范等方面。并在书后附有2023年发布的3个标准公告供参考。本书可供农业生产人员、标准管理干部和科研人员使用，也可供有关农业院校师生参考。技术性。本书可提供给农业能源工程专业、新能源材料科学及能源与环境系统工程等能源动力类相关专业学习，还可供从事相关工作的工程技术人员参考。
6455651,杨践形著作集(共4册)(精)/近代学术集林,    杨践形，字中一，近代著名学人，经史子集无不涉猎，尤精于医道，晚年任上海市中医文献馆特约馆员。著有《指道真诠》一书，是他在医药养生学方面的代表作。书中以丹经内容为主，密切联系中医学术，参考和阐发丹经中的有关理论，并设专章阐述了医史和中医理论中的疑难和渗误，繁征博引，义例谨严，不偏一家言。   著作集收录杨践行著作近十种，包括《易学讲演录》《雪墨》《学鐸余编》《易学源流考》《指道真诠》《国文法句式举例》以及发表在《哲报》《国学论衡》上的讲演、诗歌等，并收录其戏剧作品《战地鸳鸯》《漪兰戏剧集》，是对杨践行著作的首次汇集整理出版，全面反映了杨践行的学术面貌。
6470782,学编程(2木兰故事小创客信息科技核心素养教育系列教程),    随着智能时代来临，编程能力日渐成为基础技能。青少年信息科技教育的目的不是要培养未来的程序员，而是让孩子们熟悉编程原理和思维，勇于在新时代成为科技的创造者，利用技术赋能的思想来阐释自我及看待世界。本书选取木兰从军中的10个趣味故事作为情境，基于图形化编程平台，通过“拖曳编程积木”创意故事情节，创造属于自己的数字世界。   本书适合初学编程的青少年读者阅读，还可作为基础教育阶段“信息科技”课程的参考用书。
6474150,南京CiTY城市地图/中国城市地图系列,    本地图包含全新南京旅游交通详图大比例尺城区图、浦口城区图、六合城区图、溧水城区图、高淳城区图、市区主要公交线路速查、南京市轨道交通运营线路示意图等。
6474468,市场营销案例分析(第4版高等学校经济与管理类核心课程教材),    本书是高等学校经济与管理类核心课程教材之一。   全书共9章，主要内容包括：市场营销概述，市场营销分析，市场营销战略，产品策略，价格策略，渠道策略，促销策略，市场营销组织、计划与控制，市场营销的应用与创新。本书既有教学引导案例，又有课堂讨论和课外思考案例，利教便学。本书案例具有典型性、时代性、适用性和实用性等特点。   本书既可以作为高等学校市场营销课程的配套教材，也可以作为相关从业人员的参考用书。
0001921,名车趣话,改革开放以来，国外各种类型的轿车进入我国，川流不息地在城市和公路上奔驰。的确，这些轿车的外形、颜色和外部装饰都使人喜欢。为此，汽车爱好者急于想识别其车名、商标以及它的含义。为了让大家进一步认识现代交通工具——汽车的地位和作用，本书对汽车的发明与发展作了简要的回顾，歌颂了对汽车发明与发展作出巨大贡献的汽车发明家、设计师和生产管理专家的丰功伟绩；对几个汽车制造业发达国家的汽车史作了一些介绍，从中总结一些他们成功的经验作为我们的借鉴；本书用较大的篇幅介绍了各国轿车车名与商标的来历、趣话。我们看到，一个好的车名、商标不仅可能促进营销，还能给轿车增添艺术美。为此，有些厂商为了一个车名、商标绞尽脑汁。一个车名、商标，一个故事，让读者阅后品味。
6408239,咸丰民间歌曲集,    《咸丰民间歌曲集》是一本全面记录咸丰民歌曲调及文字资料的图书，值得我们阅读、聆听、珍藏、传唱。咸丰各民族的祖先和历代民间艺人，为我们创造了丰富多彩的民族文化，其中民歌就是万千多彩珍珠之一。她引得有心采珠拓荒者，日复一日，年复一年，走村串户，辛勤采集，为的是记录咸丰人民心灵的真实，为的是传承发展各民族优秀文化。
6441047,网店运营与管理(微课版高等院校电子商务类新形态系列教材),    本书共10章，包括网店运营基础知识、网店开通与管理、网店商品图片拍摄与处理、网店装修与设计、网店营销推广、网店物流与包装管理、网店客服与管理、网店数据分析、移动社交网店运营与管理、跨境电商网店运营与管理。   本书既可作为本科、高职院校电子商务等专业相关课程的教材，也可供电子商务、市场营销、网络营销与直播电商从业人员参考使用，还可作为相关培训机构的培训用书。
6453559,西北风,    二十世纪七八十年代，一群江南小伙选择放弃高考、投身军营，来到天高地远的西北，克服难以想象的困难，最终成就了军营大熔炉中永不忘怀的青春，被称赞为“真正的无名英雄”。
6456365,美国--历史与地理/山西大学建校120周年学术文库,    本书内容包括：欧洲大西洋国家和美洲的发现者与殖民者，北美河流在早期勘探和定居中的作用，阿巴拉契亚屏障对殖民历史的影响，与阿巴拉契亚山脉地形特征相关的西进运动，早期跨阿勒格尼拓居的地理环境，根据地理条件对路易斯安那州进行的收购等。从历史、地理的角度分析美国的诞生与发展，及其国际关系。
6459713,植物生理学实验教程(第4版能力培养型生物学基础课系列实验教材),    本书依据高等师范院校植物生理学教学大纲，坚持教育强国的目标与方针，在多年实践和研究的基础上编写而成。全书分基础性实验、综合性实验和研究性实验三部分，共84个实验，涉及植物生理学的基本原理、基础知识和基本实验技能，以利于培养学生分析问题和解决问题的能力。   本书可以作为高等师范院校生命科学专业实验教材，也可供学生毕业论文实践及农林院校植物生理学相关方向的师生和科研人员参考，亦可供中学生物学教师参考。
6467610,五线谱自学一月通(视频教学版),    本书是一本针对社会音乐爱好者以及音乐学龄儿童量身编写的入门级自学五线谱书籍，适合各类音乐培训学校使用。本书最大程度地简化晦涩的理论知识，用最通俗易懂的方式讲解日常音乐学习中遇到的，需要掌握的五线谱知识。同时，为了能够系统学习音乐知识，还必须辅助学习视唱与练耳知识，本书在课程的编排中，每一天均设置有知识练习、识谱练习、节奏视唱、节奏听辨练习等，让音乐爱好在学习五线谱乐理知识的同时实现视唱练耳的同步学习，最大限度地增强音乐基本能力。本书每一天均配有二维码视频讲解，视唱与节奏练习部分均配有音频资源，音乐爱好者可通过手机扫书中二维码观看教学视频。
6468596,腘动脉瘤(精),    本书引进自Springer出版社，是一部详尽介绍腘动脉瘤及其相关主题的实用著作。   全书共八篇30章，涵盖了有关腘动脉瘤历史、诊断、治疗的各个方面，回顾了腘动脉瘤的历史背景，探讨了腘动脉正常和变异解剖结构的胚胎学和解剖学、腘动脉瘤的病理学特征，重点阐述了动脉粥样硬化性腘动脉瘤的定义、流行病学、发病机制、诊断方法、手术指征、手术方式及术后并发症等内容，介绍了动脉粥样硬化性腘动脉瘤的血管内治疗方法及非动脉粥样硬化性腘动脉瘤的相关内容。   本书阐释全面，重点突出，图文并茂，非常适合从事腘动脉瘤相关专业的临床医生及研究人员阅读参考。
6469280,红色学脉(中国人民大学中共党史学的溯源与开新)(精),    中共党史是中国近现代史上最为可歌可泣的篇章，作为一门红色学科它伴随着中国共产党的成立与发展而不断孕育和成长。中国共产党在教育领域开设了中国特色的中共党史学科，并通过不断的扶持和关怀，使之逐渐成为中国特色社会主义理论体系的重要组成部分。   本书为国内首部从高校教学和学科发展间双重互动的新颖视角系统梳理中共党史学科史的著作，具有填补学科空白性质，以从陕北公学到华北联大，再到华北大学，最后到新中国成立后的中国人民大学的校史为主轴，以星火：孕育、摇篮：诞生、势起：曲奏、逆境：不屈、浴火：重生、启程：再飞行、新时代：腾飞等七大章节，详细阐述了中共党史课、中共党史系、中共党史学及几代中共党史人中优秀代表的红色故事。作者采访了滕文生、谢春涛、章百家、李亚飞、张兆本等中国人民大学中共党史系走出的杰出系友，何沁、陈明显等中共党史领域的老一辈学者，吴本丽、何丁萌、柯林谓、胡宁、刘涓迅等对中共党史教育领域有着突出贡献的前辈的后人，记录下了他们对中共党史系、中共党史专业的一片温情，描绘出中共党史这个摇篮从雏形到成型再到腾飞的光辉历程，为弘扬光荣传统、赓续红色学脉、汲取奋进力量、培育时代新人，推进中共党史党建学学科建设，构建中国特色哲学社会科学自主知识体系贡献出绵薄力量。
6471207,诗里寻名(古典诗文起名精选),    本书从中国人的姓名文化、起名方法、命名礼仪入手，阐述了运用古典诗词文赋起名的具体方法和原则，从中国人较多用来起名的《诗经》《楚辞》《论语》《周易》《道德经》《庄子》《列子》以及唐诗宋词等古代哲学、文学典籍中，精选可以用于人名的富有真善美意蕴的组合，建立了包含近两千个起名实例的古典诗文名字库。在编选名字组合的同时，对其出处篇章大意及文句含义做了白话解读，使读者能够了解名字组合的文化背景，满足大众多种多样的起名需求，为读者提供尽可能翔实周到的参考，有助于读者举一反三起出好名字。书的最后还附有名字库的简表，仅收录名字及其出处，按汉语拼音顺序排列，方便读者查阅。
6475173,不可思议的动物世界(共3册),    本套书是动物科普知识书，分为三册，读者对象为6—12岁儿童。所选动物包括全世界范围内的哺乳类、两栖爬行类、鱼类、鸟类等全种类共407种动物。作者选取每个动物最具特色的知识点，邀请各领域专家进行多次审定，在保证知识性科学准确的前提下，用幽默简洁的语言为读者留下记忆点。每个动物都配以可爱萌趣风格的插画，突出动物个性的同时吸引孩子赏读。随书附赠三张书签，另有隐藏彩蛋——寻找“中国限定”动物，给孩子带来不一样的阅读体验。
6424551,思政课教学与中华优秀传统文化融合研究,    本书共七章，每章都围绕“思政课教学与中华优秀传统文化融合”的主题展开讨论。第一章概述思政课的教学现状与基本理论，探讨其与中华优秀文化的自然渗透与互补性。第二章介绍中华优秀传统文化的发展脉络、主要内容及其在思政教育中的价值。第三章分析思政课与中华优秀传统文化融合的理论与实践可行性，提出基本原则与操作逻辑。第四章讨论具体的实施策略，包括提升教师的基本素质、考虑学生的学习特点、甄选传统文化内容与选用适当的教学方法。第五章深入探究思政课教学与中华优秀传统文化融合的内容，强调中华优秀传统文化的精神特质与核心理念的教学实现。第六章通过小学至大学不同阶段的教学案例，展示融合教学的具体应用与效果。第七章展望未来，探讨思政课与中华优秀传统文化更深层次融合的可能，以及其对学生就业与创业的潜在影响。
6425337,文旅融合背景下乡村旅游发展研究,    本书在吸收前人研究成果的基础上，基于多年来在乡村领域的理论与实践经验，对乡村旅游的规划、开发、建设、保护等各方面进行了详细阐述。同时，本书旨在为乡村旅游的发展提供一些有效的、创新性的解决策略，力求在战略、理论与实践发展的基础上撰写一本真正有助于乡村旅游发展的工具指引书。
6455438,从一个细胞开始,    “我从哪里来？”从发育生物学的角度来看，这个古老的哲学问题有一个简单的答案：一个细胞。事实上，不止人类，地球上所有动物的生命都始于一个细胞。但是，一个能动、能呼吸、能消化、有感觉的完整的动物个体，究竟是如何从区区一个细胞发育而来的？造就复杂生命所需的全部信息怎么能被塞进一个简单的细胞中呢？这个细胞是怎么知道自己应该变成什么、应该怎么做，并最终变成数万亿个细胞的？   本书将带领我们踏上一段奇妙的旅程，通过探索细胞、基因和胚胎学的科学发展史，回答生命如何从最初的单细胞合子演变成复杂的生物体。   作者从古希腊人普遍相信的先成论，到亚里士多德提出后成说，以及细胞学说的出现，回顾了150余年来我们对发育过程的认知。除此之外，作者也探讨了器官衰竭的原因；为什么有的生物能够再生，有的却不能；以及胚胎与肿瘤那令人不安的相似性。   科学的发展自然离不开科学家们的不朽贡献。他们通过研究发育过程寻找治疗癌症的新方法，他们努力将细胞重编程等技术的胚胎研究成果应用于医疗实践，他们基于干细胞研究创建了再生医学这个全新的领域。这些看似水到渠成实则充满灵光乍现与艰难求索的故事，作者都将在书中娓娓道来。   本书不仅是一次关于生命起源奥秘的科学探险，更是一次关于探索和发现的哲学思考。每一个生命都是从单一细胞开始的奇迹，而这个细胞中所蕴含的潜力，等待着我们去探索和利用。
6463115,康有为海外诗集(中英双语版),    康有为是中国近代史上著名的思想家和改革家。1898年“戊戌变法”失败后，康有为被迫长期流亡海外，他周游三十一国，至1913年返国。其三十一国的游记就是他浪迹天涯的实录。在此期间，康有为写下大量诗文，但社会上流传甚少，鲜为人知。本书所选诗歌皆为康有为流亡海外时期的佳作，由张启彷注释，康雪培翻译，可作为研究康有为流亡岁月和众多海外国家人文历史的宝贵史料。
6468863,愿望的实现(注音版AI智能版)/青少年文学名著阅读系列,    本书是印度作家、诗人泰戈尔的童话故事和散文选集，收录了《愿望的实现》《薄莱》《纸牌王国》《仙女的身份》等。故事情节奇特，内容生动，人物形象鲜明，具有印度民族特色。通过阅读这些精彩的故事，读者们不仅可以获得乐趣，感受世界的美好，还能引发思考，得到生活和生命的启迪。本书随文设置了互动插页，附有核心素养阅读任务，有助于读者在阅读的过程中，理解作品的故事脉络，学习鉴赏作品的艺术特色，感受儿童文学的魅力，养成整本书阅读的好习惯。
6469757,自恋与服从,    当理想自我取代了权威，对每个人提出要求：你必须变得更好，成为你的理想。这对自我和社会意味着什么？我们为什么自愿服从于“自恋的痛苦”？我们又为代么要同意现状？   聚焦自恋，从经济、社会、道德等维度，本书介绍了从中世纪到近现代“自恋”逐渐取代权威、信仰成为我们服从对象的过程，结合不同时期思想家如斯宾诺莎、黑格尔、马克斯·韦伯、弗洛伊德、福柯、阿尔都塞等人的论证，分机当前的过度竞争、量化管理、自我规训以及与他人的关系，看到自我陶醉的“我就是我”的矛盾之处，走出虚假的田园诗，不错过他人与周围的世界。
6469994,汽车不神秘(汽车构造透视图典全彩典雅版第4版)/陈总编爱车热线书系,    《汽车不神秘：汽车构造透视图典（全彩典雅版）》选取世界主流品牌的燃油汽车和新能源汽车的400多幅透视图、剖视图、分解图、示意图等，以图解注释、原理讲解的方式，全面系统地介绍了汽车的构造、原理与创新技术。对图中的具体部件名称给予中文和英文的简明注解，并配套46个视频，帮助读者轻松看透现实中无法欣赏到的汽车各系统和部件，从而更加直观地学习了解汽车的精密构造、科技原理与先进技术。   本书适合汽车行业人员、汽车相关专业师生、汽车和科普爱好者等阅读使用。
6372743,深入浅出IPv6+/深入浅出ICT热点系列,    本书共分为两篇，上篇介绍IPv6的基础知识，涉及IPv6特点、地址格式及配置、各种协议对IPv6的支持、部署和过渡技术等内容。下篇主要介绍IPv6＋体系内容，涉及算力感知、应用感知、新型组网、随流检测、新型组网、网络切片、SRv6可编程技术等。本书以科普为主，语言通俗易懂、内容新颖，同时涵盖大量运营商部署案例。   本书面向希望系统了解IPv6技术演进设计的通信网络从业人员，也可作为高等院校计算机和通信专业高年级学生和研究生的参考书。
6390204,美学区修复间隙管理(精),    如今，用于部分冠和桥体的粘接技术已成为常规临床操作，补充了传统固定修复治疗方案的选择。采用如复合树脂直接充填、瓷贴面或粘接桥等微创或非微创治疗方案，极大地有助于减少美学、技术和生物学并发症，并增加了可再次治疗的潜力。   因此，这些替代前牙种植修复的方案变得越来越重要。而本书涵盖了处理前牙区间隙的各种治疗手段。内容分为以下几个小主题：牙齿移动（正畸方式）、粘接修复（树脂、瓷贴面或者微创粘接桥）、固定桥修复（采用全冠预备后进行桥体重建）和植入种植体（种植方案）。   这本书基于长期的临床经验，案例描述精确，配以丰富的全彩图片进行详尽记录。它并非文献综述，而是一种类似于图谱的书籍，在相关文献的背景下，展示了实用且富有知识性的内容。因此，它可以被视为一本激励临床成功的指南。
6410906,河南(第3版)/发现者旅行指南,    《发现者旅行指南·河南》是一本全面、深度解读河南的旅游文化读本。本书从最美河南、印象河南、自驾河南、解读河南、行走河南等方面深度、直观地介绍河南，然后分为郑州、开封、新乡等章节，全面、系统介绍河南各地的精彩美景。同时，在交通、美食、住宿、购物、娱乐等方面提供了详实的资讯攻略。这本书是您了解河南、前往河南旅行的首选之书。
6414878,人力资源管理理论与实践探究,    本书是一本研究人力资源管理理论与实践的书，本书共五章，第一章为人力资源管理概述，分别介绍了人力资源概述、人力资源管理的概念与职能、人力资源管理的演进和人力资源管理现状与挑战四个部分；第二章为人力资源管理中的工作分析，分别介绍了工作分析的术语和内容、工作分析的作用和流程、工作分析的方法和工作分析的实施与说明书编写四个部分；第三章为人力资源的获取，分别介绍了人力资源的规划、人力盗源的招聘和人力资源的培训三个部分；第四章为人力资源发展管理，分别介绍了人力盗源的绩效管理、人力盗源的薪酬管理、人力盗源的劳动关系管理和人力资源职业生涯管理四个部分；第五章为党校干部培养应用，分别介绍了干部培训需求分析理论我国领导干部能力结构分析、我国党校培养模式和提升党校干部培训管理水平的思路与对策四个方面的内容。
6417395,岁月回声,    本书是作者历时多年创作的散文选集。全书分四辑，分别是“往事”“情感”“随想”“旅行”。作者以感恩的心态，亲历时代的变迁，歌颂故土的养育，情深而意切，其中也不乏对于人生的深切感悟。时间是个沉淀池，每个人的人生都在时间的沉淀池中褪去粗糙，留下芳华和精彩。人生既有“读万卷书”的勤奋，也有“行万里路”的精彩；人生既能品味，也有感悟。回望人生旅程，会有各种不同的收获：那些人生的亲历、情感和思悟，会在脑海中重现激荡，这是岁月的回声。回声，稍纵即逝，与自然界的回声一样，岁月的回声如果不加收藏，也会迅即消逝。
6424542,高校创新创业教育改革与发展探究,    本书共分为五章。其中，第一章为高校创新创业教育概述，分别介绍了高校创新创业教育的时代背景、高校创新创业教育的价值意蕴、高校创新创业教育的内涵及特点、高校创新创业教育的目标与内容四个方面的内容；第二章为我国高校创新创业教育的发展现状，分别介绍了我国高校创新创业教育的发展历程、我国高校创新创业教育的现状、当前我国高校创新创业教育的突出问题三个方面的内容；第三章为我国高校创新创业教育的国际经验借鉴，分别介绍了美国高校的创新创业教育、英国高校的创新创业教育、国外高校创新创业教育的经验与启示三个方面的内容；第四章为我国高校创新创业教育的改革创新，分别介绍了“融入式”创新创业教育、“广谱式”创新创业教育、协同机制视角下的创新创业教育、“数字时代”背景下的创新创业教育四个方面的内容；第五章为我国高校创新创业教育的未来发展，分别介绍了我国高校创新创业教育的发展趋势、我国高校创新创业教育体系的发展方向、我国高校创新创业教育路径的发展方向、我国高校创新创业教育模式的发展方向、我国高校创新创业教育未来发展的相关建议五个方面的内容。
6425327,体育研学旅行资源开发研究,    体育研学旅行作为体育课程改革的重要途径，是学校体育课的补充，在实施过程中是将探究实践活动以旅行的方式开展，将体育活动和教育活动相结合。但是目前社会、学校、家长、学生对体育研学的认识不够充分，体育研学旅行没有官方的文件指导，导致研学目的不明确，也缺乏专业的体育研学导师，研学的安全机制也不完善。因此，体育研学旅行发展需要学校加强重视、家庭主动配合、学生积极参与、社会共同协助，本书从研学旅行概念和发展着手，阐述了我国以及国外研学旅行的发展过程，重点介绍了新课改后，我国体育研学旅行产业在课程建设和资源开发方面的困难和机遇，希望本书可以帮助大家了解目前我国体育研学旅游的概况。
6455931,信仰与利益之网(僧侣海商与中日交流839-1403)(精),    从公元839年最后一次日本遣唐使归国，到1403年日本足利幕府与明朝正式恢复官方朝贡贸易，中日两国的官方外交中断了近六个世纪。但在此期间，随着海商和佛教僧侣建立起日益密切的联系，一个充满活力的中日海上贸易网络蓬勃发展。基于对寺院记录、诗歌、书信、传世图像和实物以及考古发现等多类史料的细致研究，本书描绘了当时东亚海域世界生动多彩的景象，展示了海商与僧侣两个群体如何利用彼此的资源并密切合作，共同促进贸易网络与宗教网络的融合，联合构建了中日之间“宗教-商业”交流网络，以及这一网络如何在朝贡体系的框架之外运作。同时，本书以新颖的手法诠释佛教记录，为佛教与商业之间的关系提供了新的解读。
6461445,福利经济学(为福利国家所信奉的经济学经典著作全新插图本),    《福利经济学》以边沁的功利主义哲学为思想基础，全书共分为四编，主要解决两个核心问题：一是什么是福利，二是影响福利的重要因素有哪些。第一编，对本书的研究对象“经济福利”进行框架设定，明确经济福利的概念和范围。第二编，探讨国民所得的数量以及资源在不同用途间的分配问题。具体而言，作者分析了自利原则的自由运用能在多大程度上以最有利于国民所得的形式促进国家资源的分配，以及国家在多大程度上能够改进“自然”趋势，从而优化资源配置。第三编，将国民所得的数量与劳动力市场的运作纬构联系起来，研究国民所得与劳动的关系，包括劳资协调机制、工时、计件工资制、劳动力配置以及失业等问题。第四编，集中研究国民所得的分配问题，探讨国民所得的变化与国民所得分配给穷人的绝对份额之间的关系。
6463950,遥远的她,    这是一部现实主义题材的短篇小说集，《遥远的她》收录了作者近几年创作的十篇短篇小说。作者以细腻的情感和对现实困境的体察，讲述主人公在中青年时期所面临的个人成长、生活经历、婚姻家庭等人生难题，反映了当代年轻人从懵懂到逐渐成熟的过程中自我意识的觉察和觉醒。
6465927,劳动社会学(中国人民大学劳动人事学院系列教材),    劳动社会学是一门用社会学理论体系和方法对劳动者社会劳动活动的结构、功能及其运行规律进行研究的学科。本书反映了劳动社会学发展的新情况，注重理论与实践相结合，并密切联系当前社会生产关系的深刻变化，对中国现实生活中的重大劳动问题进行了深入探讨。   全书共10章，涉及劳动者、职业选择与指导、职业地位与声望、职业分层与流动、劳动组织、劳动制度、劳动环境与保护、劳动关系、劳动问题等领域。每章均以经典的开篇引例破题，进而具体阐述概念、原理、实践、趋势等，最后以中国实践结尾，既富含深刻见解，又内容翔实丰富。   本书非常适合用作高校劳动与社会保障、人类学、社会学等专业的基础课程教材，也可作为政府相关部门及企事业单位的培训教材。
6466552,成就每一个人(精)/四有好老师系列丛书,    为深入推进新时代中国特色社会主义思想主题教育，贯彻落实“四有好老师”重要讲话以及给北师大“优师计划”师范生重要回信精神，做到主题教育“全面学习、精准掌握、联系实际、创新形式”，不断提高履职尽责的能力和水平，真正把学习成果转化为推动学校高质量发展的强大动力，北师大出版集团拟组织编写“四有好老师”系列丛书。丛书分为理论篇和成长篇两部分，本书是成长篇的一本，讲述上海市宝山区教育学院王天蓉老师的成长经历和事迹。
6469939,抽象代数基础教程(英文版原书第8版)/现代数学统计学原版书库,    本书是一本抽象代数入门教材，假定读者具备一定的微积分和线性代数基础知识，这些知识对解答习题和例题十分必要。本书深入介绍了群和子群、群结构、同态和商群、群论进阶、环和域、环和域的构造、交换代数、扩域和伽罗瓦理论等抽象代数入门课程的几乎所有主题。书中有大量的定义和定理，以及对这些理论进行进一步说明的例题。几乎每节都配有习题，书末提供了部分习题答案。散落在书中的“historical note”提供了了解重要历史人物和事件的很好拓展。
6425318,跨文化交际与高校英语教学研究,    随着时代的发展，跨文化交际活动日益增多，高校的英语教学也将此作为教学重点。本书以“跨文化交际”这一角度为切入点，系统地讨论了跨文化交际和英语教学之间的关系，如何将跨文化交际理论引入英语教学课堂，高校英语教育教学理论基础、高校英语教育教学模式理论构建、高校英语教育教学师资队伍建设、高校英语教育教学中的语言教学、多元文化视域下高校英语教学探索和高校英语教学的未来发展的角度进行介绍。通过客观论述，有助于推进高校英语教育教学工作的展开，使我国高校英语教育教学工作迈向新的台阶。
6434700,国际标准舞艺术研究,    本书以舞蹈为基底，以国际标准舞为导向，对国际标准舞艺术展开论述，简要介绍了国际标准舞的特征与情感表现，引导读者了解国际标准舞理论分类、发展历史、艺术特征、情感层次等基本内容，详细论述了国际标准舞（体育舞蹈）的审美与艺术表现力，试图厘清体育舞蹈的审美与艺术表现的关系，具体分析了国际标准舞与拉丁舞艺术，主要内容包括标准舞与拉丁舞的起源发展、艺术特征与表现力、动作审美等，进一步探究了中国元素与国际标准舞的融合，为国际标准舞艺术研究提供了建设性的指导意见。
6441452,新时代村级治理研究,    乡村治理是我国农村现代化发展建设的最基本问题之一，随着乡村振兴战略的提出和实施，健全新时代乡村治理体系更是成为重要的战略任务。本书在分析研究传统中国乡村社会治理历史演变的基础上，系统研究了改革开放后形成具有中国特色的乡村社会治理体制——乡政村治体制新时代的新发展新格局，并以新时代村级治理研究为重点。
6446081,光的赞歌(绿卷)/人民文学文库,    创刊于1949年10月的《人民文学》是新中国第一份文学期刊。作为国家一级文学期刊，《人民文学》发时代之先声、引文艺之潮流，是中国当代文学史上重要的文艺阵地，是当代文坛的风向标。   发表在《人民文学》1979年第1期的《光的赞歌》是艾青的诗歌作品，是歌颂中国共产党指引和领导中华民族从黑暗走向光明的伟大历程的经典名篇。《人民文学》杂志从2021年第4期起，特别设立“光的赞歌”栏目，先后刊发小说、散文、报告文学等体裁作品七十余篇，它们犹如伟大的时代之光映射出的绚丽的文学彩虹。   2024年，“光的赞歌”栏目以红橙黄绿青蓝紫七色结集，将这些优秀的作品奉献给大家，从国家大事到儿女深情、从科技创新到文化传承、从城市建设到乡村振兴、从衣食住行到生态文明……几乎每个领域的发展都在这些作品中得到了生动的呈现，真实反映新中国成立75年来的山河巨变，铭刻时代进程中的每一束光。   光的赞歌，属于真善美的心灵。   本卷收录《万川映月》、《躬身》、《与草为伍》、《绿色的足迹》、《丰收引》、《张掖访山记》、《兰生幽谷亦芬芳》等7部作品。
6451647,机器人自动化集成系统设计(NX MCD普通高等教育智能制造系列教材),    本书从机器人自动化集成系统的角度，对所涉及的机器人、PLC、机器视觉、设计仿真、数字孪生、并行协同、网络通信、人工智能等方面的理论和技术进行细致讲解，结合NX MCD仿真工具，对典型案例进行总体设计和技术剖析，既充分体现各相关技术的无缝集成，又突出系统技术之间的内在联系。   本书面向机器人自动化集成系统设计和仿真领域，以系统集成为核心，体现系统性观点；理论与实践紧密结合，体现开放性特点；从不同角度进行提炼总结，理论分析、性能仿真、软件开发、系统测试有机融合，构建机器人自动化集成系统完整设计开发体系。   本书可作为高等院校机器人工程、智能制造工程、自动化、机电一体化、机械制造及相关专业高年级学生或研究生的教材或参考书，也可供机器人自动化技术相关领域的工程技术人员学习使用。
6454226,诗意的原子(8种连结你和宇宙万物的无形元素青春版)/国际科普大师丛书,    本书从人与万物的联系这个角度作为切入点，讲述了8种对人来说最重要的元素：氧、氢、铁、碳、钠、氮、钙、磷。   你血中的铁，是组成血红蛋白的重要元素，也是造成2亿年前一次恒星爆炸的元凶；你呼吸中的碳元素，可能变成树干的一部分；你肌肉中的氮，会帮助天空变为蓝色；钠将把你眼中的泪水与远古时就消失的沧海联系在一起……组成世界万物的元素，和组成你身体的每一种元素是毫无二致的。你如何理解——你是一个活生生的生命同时也是一堆无生命的原子？   本书旨在使人认识到人和自然的联系是如此紧密，我们并非独立于自然之外，而是它的一部分。
6461102,智能技术与思想政治教育主客体交往研究(精)/思想政治研究文库,    本书的写作主要是基于大数据、人工智能、虚拟现实等智能技术快速发展对思想政治教育主客体交往带来的影响展开的。本书提出应当从内在动力机制、技术融入机制和制度保障机制同时入手，最大程度规避智能技术在思想政治教育主客体交往过程中的风险，以保障智能技术能够真正赋能思想政治教育活动的开展。
6463599,设计前期与场地设计(知识题)/2025全国一级注册建筑师资格考试历年真题解析与模拟试卷,    本书收录了2000～2024年全国一级注册建筑师资格考试设计前期与场地设计的真题，并对真题进行仔细梳理、分类，概括考点，有助于考生对考试内容全面系统地了解。书后附有模拟试卷及参考答案，供读者自测和练习。   本书可供参加全国一级注册建筑师资格考试的考生使用，也可作为相关课程的教学参考资料，并对相关专业设计人员有一定的参考作用。
6463895,金工实习(第5版高等职业教育在线开放课程配套教材),"    本书是“十四五”职业教育国家规划教材，遵循教育部最新发布的《高等职业学校专业教学标准》中对本课程的要求，参照最新颁发的国家标准和职业技能等级证书要求等修订而成的。   本书内容包括绪论、钳工、铸工、锻工、焊工、车工、铣工、刨工、磨工等。每个工种配有复习思考题，操作考核题及其操作步骤、考核评分表。为方便教学，本书配有教学资源，以二维码的方式在书中出现，可使用手机等移动通信设备扫描后观看。   本书可作为高等职业技术院校工程技术类相关专业的教材，也可作为有关专业人员的岗位培训用书和参考用书。"
6467647,种在太空的满天星(科学家给孩子的人造卫星立体书)(精),    人造卫星的出现，深刻地改变了世界。它们如同天空中闪烁的信使，极大地拓宽了人类的视野与通信能力。本书是一本画风清新可爱、文字生动的人造卫星科普立体书，由中国卫星领域专家倾力打造。本书通过互动式立体纸艺，让卫星活灵活现地“站立”于书页上。
6473350,山与川与海/中国乡存丛书,    浙江援川干部蓝相谊跨越千里山海，以实干担当践行职责使命，带领四川省泸州市叙永县脱贫致富。任职期满后，蓝相谊从四川回到浙江，毅然选择回到家乡做乡长，与村干部们一起攻坚克难，带领家乡人民共建美好家园，同奏山海协作新乐章。   本书以温暖的笔触描绘了山（浙江山区县）、川（四川贫困县）、海（浙江沿海发达市）三地携手共创美好生活、共同奔小康的时代画卷。
6475202,化石侦探(3传说中的蛇颈龙),    由美和裕树是一对姐弟，两人因避雨来到了日本国立科学博物馆，并在那里结识了古生物学家古井博士。由美对恐龙化石嗤之以鼻，但古井博士却说化石很重要：“关于恐龙，现在我们所知道的所有信息都是从恐龙化石中得到的。”为了让两姐弟更好地理解化石的重要性和古生物学家的工作，古井博士决定和姐弟俩一起变身“化石侦探”，穿越历史，以化石为线索，破解围绕古生物的重重谜团。
6397406,中国历史研究法中国历史研究法补编(新校本),    梁启超于1921年在南开大学讲授“中国历史研究法”，后将讲义整理成《中国历史研究法》一书，《中国历史研究法补编》则是作者于1926至1927年间在清华所做的又一次关于“中国历史研究法”的讲演的结集。《中国历史研究法》是梁启超继《新史学》后的又一杰作，以传统史学所积累的方法为基础，又结合了当时西方史学研究的进展，对史料鉴别、史事考订、史书编纂等诸多方面都有详细的阐述，而《中国历史研究法补编》不仅是前书的延续，也代表了作者史学思想的进一步发展。
6414869,西洋管弦乐的演奏及编配,    本书第一章为西洋管弦乐的发展概述，分别从管弦乐发展的主流、管弦乐发展的支流、管弦乐发展的分支、组曲与协奏曲体裁的形成与发展四个方面展开介绍；第二章为西洋木管乐的演奏及编配，主要介绍了三个方面的内容，依次是木管乐器的性能分析、木管乐器的演奏技巧、木管乐器的组合与编配；第三章为西洋铜管乐的演奏及编配，分别从铜管乐器的性能分析、铜管乐器的演奏技巧、铜管乐器的组合与编配三个方面展开介绍；第四章为西洋弦乐的演奏及编配，主要介绍了三个方面的内容，依次是西洋弦乐的性能分析、西洋弦乐的演奏技巧、西洋弦乐的旋律及和声编配；第五章为管弦乐队旋律与声部的编配，主要从单旋律音乐的编配、二声部音乐的编配、多声部音乐的编配三个方面展开介绍。
6416687,不可思议的整理(精)/100层童书馆,    本书是一本想象力绘本，适合3岁以上儿童阅读。在海滨，有进行海水浴的人，有帆船，有鞋子山洞。从书包山洞里组装出了发射火箭的场地。散到满地的爆米花成了白白的羊群。没有收拾的餐桌变成了动物园。看看田中叔叔这次又为我们带来了怎样的惊喜！生活中习以为常的物件，在艺术家的脑洞下焕发出新的生命。保留了人们最纯真、最童真的那一面。田中达也的作品的关键在于细腻的观察力与想象力。通过转换身份从另一个视角去看这个世界的万事万物，去发现更多的美好。一切被颠覆，却又在情理之中。
6441037,超重力分离工程(英文版)(精)/化工过程强化关键技术丛书,    《超重力分离工程》介绍了以强化传质分离过程速率为目的的超重力分离技术，通过科学构建流体流动、尺度、形态、接触方式等，极大地提高了传质分离效率，呈现出设备体积大幅度减小、分离效率提高、成本降低的优势，开辟了强化传质分离效率、降低能耗的新途径。本书深度总结了超重力分离工程研究的最新成果和工程化案例，系统论述了超重力分离过程的原理、方法、关键技术和工程应用，全书按单元操作分为8章，包括吸收、解吸、精馏、液液萃取、液膜分离、吸附、气固分离等。每章以“问题引出、强化原理、关键技术及特性、工程应用”为主线，突出学术创新理论，注重工程应用推广。   《超重力分离工程》是多项国家和省部级成果的系统总结，提供了大量基础研究和工程应用数据，可供化工、材料、环境、制药、食品等领域科研人员、工程技术人员、生产管理人员以及高等院校相关专业师生参考。
6450574,水污染控制技术(高等职业教育教材),    本书紧密结合水污染治理行业岗位工作实际，采用任务驱动编写模式，每一任务均包含学习目标、任务描述、任务实施、知识储备、技能训练等内容。以任务的完成带动理论知识和操作技能的学习，同时理论知识为技能训练打下坚实的理论基础，提高理论水平和操作技能。任务实施以任务单形式呈现，便于课前预习，也可作为随堂测验，检验掌握情况。   本书分为5个情境。情境1主要介绍有关污水、水体污染等污水处理必备的基础知识，情境2主要介绍污水水量水质调节的方法及构筑物、污水中油类物质和较粗大悬浮物等的去除方法及构筑物，情境3主要介绍污水中有机污染物的去除方法、工艺、构筑物，情境4主要介绍污水中细小悬浮颗粒、胶体物质、微量重金属离子、难降解有机物、病原微生物的去除方法及构筑物，情境5主要介绍污泥浓缩、消化、脱水、焚烧、最终处置的方法、途径及构筑物。   本书体现了党的二十大报告“推进教育数字化”，开发了配套微课、动画和图片数字资源，可通过扫描书中二维码获取。   本书为高等职业教育环境保护类专业的教材，也可作为污水处理职业技能等级培训的参考书，还可供污水处理厂（站）操作及管理岗位等相关工程技术人员参考。
6471753,生物药剂学与药物动力学(供药学药物制剂临床药学中药学制药工程医药营销等专业使用第3版案例版科学出版社普通高等教育案例版医学规划教材),    本教材共分18章。前六章主要阐明生物药剂学的基本理论，从药物的体内过程出发详细介绍了药物的理化性质、剂型因素及机体的生物因素对药物疗效的影响，讨论了生物药剂学对新药开发的指导作用。第七章至第十三章主要介绍了药物动力学的基本原理，，除了详细阐述药物动力学的传统理论，还对统计矩、群体药物动力学等较新的药物动力学进展作了必要的介绍。第十四章至第十七章在生物药剂学与药物动力学的基本原理上，主要介绍药物动力学在新药研发和临床合理用药方面的具体应用，并对生物利用度和药物临床合理应用进行了着重阐明。第十八章介绍了药物动力学研究领域的新进展和新运用。
6462993,行动学习项目设计(行动学习项目设计与实施的四大模式)/国际行动学习协会系列丛书,    本书是一本专为企业管理者和培训师编写的实用指南，旨在传授行动学习的核心理念和实践技巧。本书深入剖析了行动学习的本质，通过金字塔模型揭示了其四大流派，并详细介绍了从项目准备到评估的多个设计步骤，提供了实操性强的指导。
6468442,数学简史(少儿彩绘版)/迷人的科学史,    本书是专门为7-15岁少年儿童打造的数学科普图书，主要针对目前我国中小学数学教学中，尤其是义务教育阶段中较为重要的数学知识点，着重论述它们的数学史背景，包括算术、几何、代数、三角学四个板块。作者以娓娓道来的叙述我们展示了数学是如何从生活中一步步发展而来，又是如何影响着我们生活的方方面面的。图书贴近孩子的认知水平和审美趣味，包含大量全彩插画与作者多年来搜集的真实史料图片，引导孩子发现数学的乐趣与奥秘。
6468766,天津CiTY城市地图/中国城市地图系列,    本地图包含全新天津市公路交通详图、天津中心城区大比例尺街道详图、天津市轨道交通运营线路示意图、必游景点介绍、美食购物推荐等。
6470162,成都CiTY城市地图/中国城市地图系列,    本书为成都城市地图。单张双面，高清印刷。旅游出行常备，丰富的旅游信息，详实的地图，City Walk规划参考工具。高精度大幅面的城市地图，便捷易折叠，携带方便。
6472860,智联世界(以共商促共享以善治促善智)(精),    本书以2024世界人工智能大会暨人工智能全球治理高级别会议开幕式、全体会议及主论坛的嘉宾演讲内容为主，围绕“全球治理”“产业发展”“科学前沿”等主题，全面展现世界人工智能全球治理挑战、最新产业发展及前沿观点洞察。
5617226,手工印染技艺(彩印花布)(精)/中国非物质文化遗产纺织技艺研究书系,    本书为《中国非物质文化遗产纺织技艺—手工印染技艺》丛书的彩印花布卷。民间彩印花布是我国直接印花工艺的代表，人们使用模版将颜料或染料直接印染于纺织品上，从而为织物表面附加形式多样、色彩缤纷的艺术图案。我国的彩印花布工艺起源于秦汉时期的画缋，后逐渐发展为画缋捺印并用、木戳印花、木版砑花与镂空纸版刷印等工艺。全书内容涵盖了彩印花布的历史渊源、工艺发展、技艺流程、应用功能、图案特色、工艺特色、各地域文化比较等方面，并附有古旧彩印花布实物介绍与传承人工艺相关视频，能以图文并茂的方式，为读者展示出我国彩印花布工艺的悠久历史与独特艺术风貌。
6448989,交易撮合者(私募股权的经验与教训)(精),"    “草根投资”的华丽逆袭。   泰丰资本创始人的投资心经。   不惧风险，有思考地抓机会赚钱。   本书讲述了葛涵思私募股权领域的职业生涯故事，他从一个患有严重阅读障碍的孩子，到牛津大学毕业，再到成为一名连续创业者。他先是在野村证券，后来成为自己公司泰丰资本的负责人。本书详细介绍了泰丰资本多年来所做的大额交易，涉及多个领域，包括电影院、飞机、绿色能源等。本书对葛涵思进行了客观的评价，列出了他职业生涯中出彩的表现和成熟的交易方法。葛涵思在书中总结的投资心法，对金融领域人士和对投资兴趣的读者有很大帮助。"
6454523,大学数学基础(1中文版科学出版社十四五普通高等教育本科规划教材)/中法工程师学院预科教学丛书,    本书是中山大学中法核工程与技术学院二年级第一学期的数学教材的中文翻译版，包括以下主要内容：群、环和除环；关系、自然数集、整数集、有理数集和实数集；实数列和复数列；向量空间和线性映射；整数集中的算术；单实变量的实值或复值函数；多项式和有理分式。这些内容涉及不同的数学分支，读者在阅读本书前需对某些基础内容有所了解。在每章的开头部分，列出了学习该章内容所需的预备知识。另外，书中提供了许多详细示例以帮助读者理解和应用相关知识，每章末给出一系列练习题，供使用教材的教师布置作业时选用，自学者也可通过做课后习题加深对知识和方法的理解和掌握。译者在后记部分记录了参与和见证的中山大学中法核工程与技术学院的预科数学教学实践，供对预科数学教学模式感兴趣的读者了解。本书可作为中法合作办学单位的预科数学教材，也可作为理工科院校相关专业数学类课程的参考教材。
6456428,走在行知教育实验的路上(精)/四有好老师系列丛书,    本书是成长篇的一本，讲述江苏行知教育集团校长杨瑞清老师的成长经历和事迹。   圆一个心愿：让农民的孩子也能享受最好的教育。   走一条道路：走在行知路上。   做一件事情：开展行知教育实验。   绘一张蓝图：构建大情怀育人体系。   围绕这四条线，顺着“扎根”“突围”“超越”“共享”“反思”的线索，杨瑞清老师刻意选择了60个话题，像是在为自己60岁的人生做一份“总结报告”，更像是面向今后教育生活的一份“开题报告”，不是结论，而是新探索的开始。
6465041,多元视角下的文化创意产品设计研究,    为了适应高校产品设计的教学实际，提升学生对产品设计的学习兴趣，让学生接触并了解文化，通过思考将文化元素运用在现代产品设计中，更好地理解文化对于产品设计的各种影响，本书将为其提供一个能够充分发挥想象力、进行科学建构的广阔空间，使其熟悉产品设计流程、掌握产品操作技能，在今后的文化创意产品设计实战中能更为准确地从各种文化形态当中提炼出文化与现代的融合元素，推动文化衍生品产业发展，促进文化价值转化为商业价值。本书正是在这一文化创意产业发展的大背景之下，以设计学为视点，对文化创意产品进行分析和解读的。
